               epoch,      train/box_loss,      train/obj_loss,      train/cls_loss,   metrics/precision,      metrics/recall,     metrics/mAP_0.5,metrics/mAP_0.5:0.95,        val/box_loss,        val/obj_loss,        val/cls_loss,               x/lr0,               x/lr1,               x/lr2
                   0,             0.11721,            0.031388,                   0,          0.00083333,                0.25,           0.0023706,          0.00042853,             0.10444,            0.023077,                   0,              0.0964,              0.0004,              0.0004
                   1,              0.1044,            0.030546,                   0,           0.0011667,                0.35,           0.0020538,          0.00035083,            0.092209,            0.021635,                   0,            0.091897,          0.00089703,          0.00089703
                   2,            0.097687,            0.029831,                   0,           0.0018333,                0.55,           0.0039743,            0.000692,            0.087712,            0.019686,                   0,            0.087391,           0.0013908,           0.0013908
                   3,            0.087103,            0.029954,                   0,           0.0018333,                0.55,             0.00471,          0.00090518,            0.084333,            0.018499,                   0,            0.082881,           0.0018812,           0.0018812
                   4,            0.082447,            0.027469,                   0,           0.0023333,                 0.7,           0.0080581,           0.0014567,            0.076478,            0.017736,                   0,            0.078368,           0.0023683,           0.0023683
                   5,            0.081016,            0.029465,                   0,               0.003,                 0.9,           0.0098373,           0.0023141,            0.068587,            0.017218,                   0,            0.073852,           0.0028522,           0.0028522
                   6,            0.074325,             0.02707,                   0,           0.0031667,                0.95,            0.048098,            0.012976,            0.061998,            0.015944,                   0,            0.069333,           0.0033327,           0.0033327
                   7,            0.072859,            0.025627,                   0,           0.0033333,                   1,             0.13148,            0.037669,            0.057552,            0.015846,                   0,             0.06481,           0.0038099,           0.0038099
                   8,            0.068774,            0.024512,                   0,           0.0033333,                   1,             0.32556,            0.079988,            0.060494,            0.014878,                   0,            0.060284,           0.0042838,           0.0042838
                   9,             0.06791,            0.022735,                   0,                   1,             0.19874,             0.66175,             0.31115,             0.05925,            0.013886,                   0,            0.055754,           0.0047545,           0.0047545
                  10,            0.066012,            0.021711,                   0,              0.7933,              0.1933,             0.51871,             0.20393,            0.060776,              0.0131,                   0,            0.051222,           0.0052218,           0.0052218
                  11,            0.066626,            0.022932,                   0,             0.91375,             0.53073,             0.79178,             0.23292,            0.059898,            0.012915,                   0,            0.046686,           0.0056858,           0.0056858
                  12,            0.065952,            0.022156,                   0,             0.60639,                 0.3,              0.6018,             0.29763,            0.061191,            0.012312,                   0,            0.042147,           0.0061466,           0.0061466
                  13,            0.063426,            0.024544,                   0,             0.55152,                 0.5,             0.60815,             0.24267,            0.068842,            0.010812,                   0,            0.037604,            0.006604,            0.006604
                  14,            0.062826,            0.021694,                   0,               0.653,                0.65,             0.74853,             0.38586,            0.070785,           0.0092316,                   0,            0.033058,           0.0070581,           0.0070581
                  15,             0.06667,             0.02061,                   0,             0.38834,                 0.5,             0.41325,             0.14253,            0.060079,            0.011251,                   0,            0.028509,           0.0075089,           0.0075089
                  16,            0.059592,            0.022446,                   0,             0.59484,                0.65,             0.72035,             0.32637,            0.060555,           0.0099583,                   0,            0.023956,           0.0079565,           0.0079565
                  17,            0.064828,             0.02158,                   0,             0.73725,             0.70156,             0.83898,              0.4335,            0.055637,            0.010427,                   0,            0.019401,           0.0084007,           0.0084007
                  18,            0.066622,            0.021365,                   0,             0.83328,                 0.8,             0.80939,             0.18617,            0.069589,           0.0083055,                   0,            0.014842,           0.0088416,           0.0088416
                  19,            0.055014,            0.019591,                   0,             0.74235,                0.75,             0.74985,             0.12443,            0.068585,           0.0083151,                   0,            0.010279,           0.0092793,           0.0092793
                  20,            0.068093,            0.018174,                   0,             0.84183,                0.75,             0.91341,             0.26385,            0.060135,           0.0094681,                   0,             0.00934,             0.00934,             0.00934
                  21,            0.057695,            0.019478,                   0,             0.99125,                0.75,             0.89875,             0.53059,            0.046542,            0.010378,                   0,             0.00934,             0.00934,             0.00934
                  22,            0.055931,            0.019526,                   0,             0.16646,             0.51943,             0.22035,            0.059211,            0.070262,           0.0084791,                   0,            0.009307,            0.009307,            0.009307
                  23,            0.052916,            0.019199,                   0,             0.87247,             0.68483,             0.74025,             0.11143,            0.069422,            0.007884,                   0,            0.009274,            0.009274,            0.009274
                  24,            0.064421,            0.018342,                   0,             0.97946,                 0.8,             0.91368,             0.23453,            0.059344,           0.0093822,                   0,            0.009241,            0.009241,            0.009241
                  25,            0.054681,            0.019698,                   0,             0.87944,             0.73022,             0.89804,             0.29234,            0.047667,            0.009882,                   0,            0.009208,            0.009208,            0.009208
                  26,              0.0516,            0.019916,                   0,             0.91521,             0.54037,             0.82229,             0.31416,            0.049264,            0.010396,                   0,            0.009175,            0.009175,            0.009175
                  27,            0.046512,            0.019282,                   0,             0.50335,                0.85,             0.50688,             0.13882,             0.06024,           0.0086956,                   0,            0.009142,            0.009142,            0.009142
                  28,            0.052291,            0.019383,                   0,             0.54186,                0.85,             0.53646,             0.18421,              0.0591,           0.0091572,                   0,            0.009109,            0.009109,            0.009109
                  29,            0.048691,            0.019861,                   0,             0.91894,                 0.8,             0.90126,             0.26038,            0.053119,           0.0089474,                   0,            0.009076,            0.009076,            0.009076
                  30,             0.04774,            0.017859,                   0,             0.59358,                0.85,             0.79297,             0.31232,            0.054584,            0.008625,                   0,            0.009043,            0.009043,            0.009043
                  31,            0.043183,            0.016151,                   0,             0.42924,             0.90253,             0.63605,             0.29842,            0.052428,           0.0081987,                   0,             0.00901,             0.00901,             0.00901
                  32,            0.049134,            0.017672,                   0,             0.80647,                 0.8,             0.90183,             0.57215,            0.044468,           0.0083818,                   0,            0.008977,            0.008977,            0.008977
                  33,            0.043561,            0.017001,                   0,             0.97755,                0.85,             0.95668,             0.46643,            0.041891,           0.0089846,                   0,            0.008944,            0.008944,            0.008944
                  34,            0.040391,            0.019699,                   0,             0.99288,                0.95,             0.99262,             0.66185,            0.034429,           0.0086536,                   0,            0.008911,            0.008911,            0.008911
                  35,            0.037312,              0.0188,                   0,             0.93657,             0.73882,             0.89118,              0.5067,            0.044062,           0.0079527,                   0,            0.008878,            0.008878,            0.008878
                  36,            0.051859,            0.015948,                   0,              0.9893,                 0.9,              0.9787,             0.53011,            0.035949,           0.0079165,                   0,            0.008845,            0.008845,            0.008845
                  37,            0.040916,            0.013843,                   0,             0.89602,             0.86215,             0.92335,             0.68671,            0.045127,           0.0073247,                   0,            0.008812,            0.008812,            0.008812
                  38,            0.045241,            0.016381,                   0,                   1,             0.89844,             0.97162,             0.36065,            0.042805,           0.0076437,                   0,            0.008779,            0.008779,            0.008779
                  39,            0.036373,             0.01622,                   0,             0.65788,                0.75,             0.77574,             0.30759,            0.048162,           0.0072055,                   0,            0.008746,            0.008746,            0.008746
                  40,            0.046715,            0.013581,                   0,                   1,             0.68103,              0.9048,              0.5848,            0.039199,           0.0068512,                   0,            0.008713,            0.008713,            0.008713
                  41,            0.040736,            0.014098,                   0,              0.5473,                0.95,             0.71016,             0.32455,            0.043532,           0.0067039,                   0,             0.00868,             0.00868,             0.00868
                  42,            0.042595,            0.014283,                   0,             0.99212,                   1,               0.995,             0.25124,            0.049258,           0.0063462,                   0,            0.008647,            0.008647,            0.008647
                  43,            0.036446,             0.01369,                   0,             0.59759,             0.89126,             0.77597,             0.37461,            0.041093,           0.0063753,                   0,            0.008614,            0.008614,            0.008614
                  44,            0.041745,            0.013358,                   0,             0.95219,             0.99606,             0.98786,             0.69705,            0.028593,           0.0062246,                   0,            0.008581,            0.008581,            0.008581
                  45,            0.036658,            0.014589,                   0,             0.93478,             0.71731,              0.9135,             0.48627,            0.039041,           0.0057964,                   0,            0.008548,            0.008548,            0.008548
                  46,            0.037704,            0.012068,                   0,             0.94922,                   1,             0.98548,             0.65895,            0.028107,           0.0058198,                   0,            0.008515,            0.008515,            0.008515
                  47,            0.029232,            0.012742,                   0,             0.58607,             0.84954,             0.66607,             0.39663,            0.036507,           0.0057535,                   0,            0.008482,            0.008482,            0.008482
                  48,            0.041202,            0.010406,                   0,             0.67949,              0.8481,             0.86932,             0.56068,            0.031903,           0.0056658,                   0,            0.008449,            0.008449,            0.008449
                  49,            0.036242,            0.011244,                   0,             0.50967,             0.98771,             0.72581,             0.33416,              0.0387,           0.0055246,                   0,            0.008416,            0.008416,            0.008416
                  50,            0.037354,            0.010412,                   0,             0.89953,              0.8955,             0.96853,             0.57536,            0.029578,           0.0054374,                   0,            0.008383,            0.008383,            0.008383
                  51,            0.029956,            0.012957,                   0,             0.89761,                   1,             0.98328,             0.52393,            0.040306,           0.0052457,                   0,             0.00835,             0.00835,             0.00835
                  52,            0.047525,            0.010209,                   0,             0.94101,                   1,             0.99024,             0.54907,            0.033035,           0.0053463,                   0,            0.008317,            0.008317,            0.008317
                  53,             0.03467,           0.0099098,                   0,             0.80191,                0.85,             0.88404,              0.4885,            0.031106,            0.005147,                   0,            0.008284,            0.008284,            0.008284
                  54,            0.033151,            0.011751,                   0,             0.99196,                 0.9,              0.9819,              0.6114,            0.027842,           0.0051355,                   0,            0.008251,            0.008251,            0.008251
                  55,            0.028328,            0.010062,                   0,             0.76747,                0.85,             0.91151,             0.51781,            0.037973,           0.0049472,                   0,            0.008218,            0.008218,            0.008218
                  56,            0.036877,           0.0086746,                   0,              0.8534,                0.95,             0.95914,             0.69508,            0.029352,           0.0049124,                   0,            0.008185,            0.008185,            0.008185
                  57,            0.032555,           0.0097342,                   0,             0.89365,                0.95,             0.96875,             0.61368,            0.028932,            0.004807,                   0,            0.008152,            0.008152,            0.008152
                  58,            0.033703,           0.0087777,                   0,             0.90733,                   1,             0.97795,             0.54637,            0.030863,           0.0048304,                   0,            0.008119,            0.008119,            0.008119
                  59,            0.033721,           0.0094861,                   0,             0.94994,                   1,             0.99024,              0.5662,            0.036661,           0.0047512,                   0,            0.008086,            0.008086,            0.008086
                  60,            0.039817,           0.0093516,                   0,             0.94956,             0.94161,             0.97704,             0.61698,            0.028836,           0.0048285,                   0,            0.008053,            0.008053,            0.008053
                  61,            0.033788,           0.0088715,                   0,             0.95177,             0.98707,             0.99024,             0.70825,            0.028983,           0.0046463,                   0,             0.00802,             0.00802,             0.00802
                  62,            0.031663,           0.0089435,                   0,             0.95236,             0.99965,             0.97595,             0.53819,             0.02828,           0.0046973,                   0,            0.007987,            0.007987,            0.007987
                  63,            0.025498,           0.0088017,                   0,             0.78076,             0.89066,             0.92463,             0.46809,             0.04024,           0.0045214,                   0,            0.007954,            0.007954,            0.007954
                  64,            0.042896,           0.0081944,                   0,             0.95193,                   1,              0.9831,             0.72711,            0.023854,           0.0047054,                   0,            0.007921,            0.007921,            0.007921
                  65,            0.032216,           0.0098173,                   0,             0.95179,             0.98767,             0.97119,             0.58021,             0.03315,           0.0046234,                   0,            0.007888,            0.007888,            0.007888
                  66,            0.035132,           0.0075376,                   0,             0.95161,             0.98377,              0.9831,             0.61366,            0.027697,           0.0046835,                   0,            0.007855,            0.007855,            0.007855
                  67,            0.028801,           0.0089365,                   0,             0.95187,             0.98927,             0.95452,             0.48022,            0.035209,           0.0043678,                   0,            0.007822,            0.007822,            0.007822
                  68,            0.035803,            0.008268,                   0,             0.95162,             0.98401,              0.9569,             0.72328,            0.023266,           0.0043674,                   0,            0.007789,            0.007789,            0.007789
                  69,            0.033284,           0.0087279,                   0,             0.94982,                   1,             0.94762,              0.5475,            0.029725,           0.0043511,                   0,            0.007756,            0.007756,            0.007756
                  70,             0.03205,           0.0082107,                   0,             0.94854,                   1,             0.98548,             0.74752,            0.022056,           0.0044184,                   0,            0.007723,            0.007723,            0.007723
                  71,            0.025329,            0.008561,                   0,             0.94457,                   1,             0.94762,             0.60347,             0.03378,           0.0042715,                   0,             0.00769,             0.00769,             0.00769
                  72,            0.035333,           0.0082477,                   0,             0.89596,                   1,             0.94795,             0.66607,            0.022909,           0.0042243,                   0,            0.007657,            0.007657,            0.007657
                  73,            0.029649,           0.0078031,                   0,             0.89535,                   1,             0.96222,              0.5494,            0.026917,           0.0042243,                   0,            0.007624,            0.007624,            0.007624
                  74,            0.029984,           0.0082344,                   0,             0.94692,                   1,             0.97357,              0.7617,            0.022322,           0.0041237,                   0,            0.007591,            0.007591,            0.007591
                  75,             0.02227,           0.0076484,                   0,             0.92478,                   1,             0.94762,             0.56244,            0.031453,           0.0041132,                   0,            0.007558,            0.007558,            0.007558
                  76,            0.031774,           0.0071034,                   0,             0.92469,                   1,             0.94762,             0.75168,            0.020881,           0.0040283,                   0,            0.007525,            0.007525,            0.007525
                  77,            0.027618,           0.0073353,                   0,             0.94761,                0.95,             0.94123,              0.5975,             0.02834,           0.0040956,                   0,            0.007492,            0.007492,            0.007492
                  78,            0.028023,           0.0072407,                   0,             0.93397,                   1,             0.94762,             0.68845,            0.018843,           0.0039916,                   0,            0.007459,            0.007459,            0.007459
                  79,            0.022784,            0.007555,                   0,             0.95203,             0.99261,             0.94762,             0.65243,            0.028098,           0.0040216,                   0,            0.007426,            0.007426,            0.007426
                  80,            0.035354,           0.0076619,                   0,             0.94552,                   1,              0.9569,             0.63888,            0.022264,           0.0039363,                   0,            0.007393,            0.007393,            0.007393
                  81,            0.028938,           0.0080196,                   0,             0.92094,                0.95,             0.96598,              0.7343,             0.02665,            0.003974,                   0,             0.00736,             0.00736,             0.00736
                  82,            0.026651,            0.007749,                   0,             0.94942,                   1,             0.98071,             0.62523,            0.023319,           0.0038042,                   0,            0.007327,            0.007327,            0.007327
                  83,            0.022175,           0.0078527,                   0,             0.93756,                   1,             0.98071,             0.64365,            0.032279,           0.0038657,                   0,            0.007294,            0.007294,            0.007294
                  84,             0.03672,           0.0081517,                   0,             0.94911,                   1,             0.97833,             0.76761,            0.024007,           0.0038161,                   0,            0.007261,            0.007261,            0.007261
                  85,            0.028719,           0.0067544,                   0,             0.94304,                   1,             0.98786,             0.69719,            0.026285,           0.0037761,                   0,            0.007228,            0.007228,            0.007228
                  86,            0.026524,           0.0068414,                   0,             0.94894,                   1,             0.98548,             0.60532,            0.023852,           0.0037808,                   0,            0.007195,            0.007195,            0.007195
                  87,            0.023134,           0.0075459,                   0,              0.8886,                0.95,             0.97714,             0.62306,            0.026106,           0.0038795,                   0,            0.007162,            0.007162,            0.007162
                  88,            0.032687,           0.0063472,                   0,             0.94393,                   1,             0.99024,             0.66012,            0.021281,           0.0038447,                   0,            0.007129,            0.007129,            0.007129
                  89,            0.022784,           0.0072648,                   0,             0.94766,                   1,             0.99262,             0.72063,             0.02199,           0.0037785,                   0,            0.007096,            0.007096,            0.007096
                  90,            0.022665,           0.0063068,                   0,             0.94895,                   1,             0.99262,             0.77151,            0.018435,           0.0038009,                   0,            0.007063,            0.007063,            0.007063
                  91,            0.020227,            0.007486,                   0,             0.79905,                   1,             0.98795,             0.74525,            0.023727,           0.0038447,                   0,             0.00703,             0.00703,             0.00703
                  92,            0.030336,           0.0062649,                   0,             0.94462,                 0.8,             0.95773,             0.56284,             0.02663,           0.0038438,                   0,            0.006997,            0.006997,            0.006997
                  93,            0.027152,           0.0065677,                   0,             0.94092,                   1,             0.98548,             0.72473,            0.022007,           0.0037847,                   0,            0.006964,            0.006964,            0.006964
                  94,             0.02396,             0.00736,                   0,             0.94914,                   1,             0.98071,              0.8071,            0.018555,           0.0037694,                   0,            0.006931,            0.006931,            0.006931
                  95,            0.022093,           0.0072472,                   0,             0.90018,                   1,             0.98071,             0.71249,            0.026335,           0.0038638,                   0,            0.006898,            0.006898,            0.006898
                  96,            0.032291,           0.0063404,                   0,             0.94892,                   1,             0.98786,             0.68064,             0.02381,           0.0037694,                   0,            0.006865,            0.006865,            0.006865
                  97,            0.026497,            0.006617,                   0,             0.94862,                   1,             0.99262,             0.72842,             0.02315,           0.0036726,                   0,            0.006832,            0.006832,            0.006832
                  98,            0.025124,           0.0055382,                   0,             0.94978,                   1,               0.995,              0.7741,             0.02075,           0.0036087,                   0,            0.006799,            0.006799,            0.006799
                  99,            0.020465,           0.0068511,                   0,             0.95034,                   1,               0.995,             0.75704,            0.023382,           0.0039206,                   0,            0.006766,            0.006766,            0.006766
                 100,            0.028716,           0.0068082,                   0,             0.94698,                   1,             0.99262,             0.75676,            0.021883,           0.0036559,                   0,            0.006733,            0.006733,            0.006733
                 101,            0.025427,           0.0066763,                   0,             0.95215,                   1,               0.995,             0.71862,            0.022929,           0.0036855,                   0,              0.0067,              0.0067,              0.0067
                 102,            0.026949,           0.0068858,                   0,             0.95216,                   1,               0.995,              0.7448,            0.021982,           0.0034919,                   0,            0.006667,            0.006667,            0.006667
                 103,            0.020897,           0.0072301,                   0,             0.94428,                   1,               0.995,             0.75593,             0.02461,            0.003664,                   0,            0.006634,            0.006634,            0.006634
                 104,            0.026583,           0.0059402,                   0,             0.94903,                   1,             0.99262,             0.73953,            0.019722,           0.0035968,                   0,            0.006601,            0.006601,            0.006601
                 105,            0.023841,            0.005811,                   0,             0.94885,                   1,             0.99262,             0.74357,             0.02445,           0.0036607,                   0,            0.006568,            0.006568,            0.006568
                 106,            0.024776,           0.0066379,                   0,             0.94899,                   1,             0.99262,             0.82744,            0.018197,           0.0035148,                   0,            0.006535,            0.006535,            0.006535
                 107,              0.0211,           0.0059204,                   0,             0.96111,                 0.9,             0.98598,             0.75992,            0.025215,           0.0035572,                   0,            0.006502,            0.006502,            0.006502
                 108,            0.029794,           0.0064055,                   0,             0.94838,                   1,             0.99024,             0.79646,            0.021822,           0.0035663,                   0,            0.006469,            0.006469,            0.006469
                 109,            0.026254,           0.0063273,                   0,             0.94969,                   1,             0.99262,             0.73651,            0.019986,           0.0035801,                   0,            0.006436,            0.006436,            0.006436
                 110,            0.025156,           0.0066207,                   0,             0.94952,                   1,             0.99024,             0.80369,            0.018098,           0.0036764,                   0,            0.006403,            0.006403,            0.006403
                 111,            0.021192,           0.0062802,                   0,             0.94975,                   1,             0.99024,             0.71755,            0.025878,           0.0036974,                   0,             0.00637,             0.00637,             0.00637
                 112,            0.028494,           0.0061136,                   0,             0.94914,                   1,             0.99024,             0.75485,            0.019088,           0.0035152,                   0,            0.006337,            0.006337,            0.006337
                 113,             0.02317,           0.0059273,                   0,             0.94928,                   1,             0.99262,             0.62765,            0.028201,            0.003726,                   0,            0.006304,            0.006304,            0.006304
                 114,            0.022938,           0.0068554,                   0,              0.9489,                   1,             0.99024,              0.7505,            0.020004,           0.0035734,                   0,            0.006271,            0.006271,            0.006271
                 115,            0.018361,           0.0058012,                   0,             0.94872,                   1,             0.99262,             0.71188,            0.020521,           0.0035729,                   0,            0.006238,            0.006238,            0.006238
                 116,             0.02771,           0.0059789,                   0,             0.94867,                   1,             0.99262,             0.76885,            0.016785,             0.00349,                   0,            0.006205,            0.006205,            0.006205
                 117,             0.02256,           0.0053131,                   0,              0.9487,                   1,             0.99262,             0.71136,            0.025688,           0.0035558,                   0,            0.006172,            0.006172,            0.006172
                 118,            0.023371,           0.0061847,                   0,             0.99895,                   1,               0.995,             0.81262,              0.0187,           0.0035224,                   0,            0.006139,            0.006139,            0.006139
                 119,            0.018667,           0.0064353,                   0,                   1,             0.98821,               0.995,             0.69636,            0.026465,           0.0036922,                   0,            0.006106,            0.006106,            0.006106
                 120,            0.026371,           0.0059907,                   0,                   1,             0.99664,               0.995,             0.83491,            0.019586,           0.0035782,                   0,            0.006073,            0.006073,            0.006073
                 121,            0.022953,           0.0056564,                   0,                   1,              0.9834,               0.995,             0.72215,            0.021835,           0.0034666,                   0,             0.00604,             0.00604,             0.00604
                 122,            0.023083,             0.00683,                   0,                   1,             0.99271,               0.995,             0.80804,            0.018111,            0.003468,                   0,            0.006007,            0.006007,            0.006007
                 123,            0.018585,           0.0055388,                   0,             0.95119,                   1,               0.995,             0.73824,            0.025465,           0.0035172,                   0,            0.005974,            0.005974,            0.005974
                 124,             0.02614,           0.0062319,                   0,             0.94883,                   1,             0.99262,             0.80833,            0.016767,           0.0033951,                   0,            0.005941,            0.005941,            0.005941
                 125,            0.020414,           0.0062067,                   0,             0.94899,                   1,             0.99262,             0.79854,            0.017825,           0.0033579,                   0,            0.005908,            0.005908,            0.005908
                 126,            0.020425,           0.0064438,                   0,             0.94899,                   1,             0.99024,             0.80129,            0.016454,           0.0033479,                   0,            0.005875,            0.005875,            0.005875
                 127,            0.015675,             0.00626,                   0,             0.94924,                   1,             0.99024,             0.77166,            0.017465,           0.0033798,                   0,            0.005842,            0.005842,            0.005842
                 128,             0.02172,           0.0058708,                   0,             0.94946,                   1,             0.99024,             0.74718,            0.019418,           0.0033894,                   0,            0.005809,            0.005809,            0.005809
                 129,            0.023992,           0.0060757,                   0,             0.94908,                   1,             0.99262,             0.79429,            0.018114,           0.0033679,                   0,            0.005776,            0.005776,            0.005776
                 130,            0.021527,           0.0066556,                   0,             0.94922,                   1,             0.99262,             0.83389,            0.017495,           0.0033541,                   0,            0.005743,            0.005743,            0.005743
                 131,            0.019527,            0.005585,                   0,             0.94883,                   1,             0.99262,             0.75685,            0.022269,           0.0035567,                   0,             0.00571,             0.00571,             0.00571
                 132,            0.026349,           0.0059345,                   0,             0.94907,                   1,             0.99262,             0.76885,            0.020751,           0.0035076,                   0,            0.005677,            0.005677,            0.005677
                 133,            0.022683,           0.0054873,                   0,             0.94825,                   1,             0.99262,             0.79785,            0.018332,           0.0033154,                   0,            0.005644,            0.005644,            0.005644
                 134,            0.020007,           0.0053969,                   0,             0.94917,                   1,             0.99262,             0.80759,            0.018358,           0.0033269,                   0,            0.005611,            0.005611,            0.005611
                 135,            0.018485,           0.0055099,                   0,             0.94931,                   1,             0.99262,             0.69727,            0.023976,           0.0035119,                   0,            0.005578,            0.005578,            0.005578
                 136,            0.027391,           0.0056145,                   0,             0.94976,                   1,             0.99262,             0.83367,            0.017339,           0.0034089,                   0,            0.005545,            0.005545,            0.005545
                 137,            0.023108,           0.0064649,                   0,             0.94961,                   1,             0.99024,              0.8077,             0.01677,            0.003304,                   0,            0.005512,            0.005512,            0.005512
                 138,            0.020727,           0.0052088,                   0,             0.94964,                   1,             0.99262,             0.79797,            0.018487,           0.0033665,                   0,            0.005479,            0.005479,            0.005479
                 139,            0.014993,           0.0056515,                   0,              0.9489,                   1,             0.99262,             0.75148,            0.021193,           0.0033903,                   0,            0.005446,            0.005446,            0.005446
                 140,             0.02497,           0.0052195,                   0,             0.94874,                   1,             0.99262,             0.73584,            0.020471,           0.0034609,                   0,            0.005413,            0.005413,            0.005413
                 141,            0.020641,            0.005159,                   0,             0.94965,                   1,             0.99262,             0.78804,            0.019058,           0.0034599,                   0,             0.00538,             0.00538,             0.00538
                 142,            0.019028,           0.0054967,                   0,             0.94976,                   1,             0.99262,              0.8043,            0.018149,           0.0034332,                   0,            0.005347,            0.005347,            0.005347
                 143,            0.017556,           0.0061707,                   0,             0.94994,                   1,             0.99262,              0.7617,            0.018106,            0.003511,                   0,            0.005314,            0.005314,            0.005314
                 144,            0.020014,           0.0059199,                   0,             0.95008,                   1,             0.99262,              0.8003,            0.017206,           0.0033541,                   0,            0.005281,            0.005281,            0.005281
                 145,            0.020123,           0.0052277,                   0,             0.94995,                   1,             0.99262,             0.78761,            0.018076,           0.0034099,                   0,            0.005248,            0.005248,            0.005248
                 146,            0.018992,           0.0051671,                   0,             0.95003,                   1,             0.99262,              0.8272,            0.016562,           0.0033579,                   0,            0.005215,            0.005215,            0.005215
                 147,            0.016176,           0.0052362,                   0,             0.95089,                   1,             0.99262,             0.75797,             0.02135,           0.0035434,                   0,            0.005182,            0.005182,            0.005182
                 148,            0.022256,           0.0055466,                   0,              0.9506,                   1,             0.99262,             0.82489,            0.019798,           0.0035353,                   0,            0.005149,            0.005149,            0.005149
                 149,            0.020228,             0.00576,                   0,             0.95234,              0.9991,             0.99262,             0.79832,            0.016997,           0.0033731,                   0,            0.005116,            0.005116,            0.005116
                 150,            0.018929,           0.0059081,                   0,             0.95114,                   1,             0.99262,             0.83609,            0.017332,           0.0034132,                   0,            0.005083,            0.005083,            0.005083
                 151,            0.016433,            0.005197,                   0,             0.98169,                0.95,             0.99045,             0.80237,            0.023853,           0.0036168,                   0,             0.00505,             0.00505,             0.00505
                 152,            0.023998,           0.0056337,                   0,             0.95234,              0.9991,             0.99262,             0.80056,            0.018126,           0.0034828,                   0,            0.005017,            0.005017,            0.005017
                 153,            0.018388,           0.0058119,                   0,             0.95228,             0.99797,             0.99262,             0.80518,            0.017664,           0.0033798,                   0,            0.004984,            0.004984,            0.004984
                 154,             0.01543,           0.0049954,                   0,             0.95229,             0.99803,             0.99262,             0.80545,            0.016403,           0.0033245,                   0,            0.004951,            0.004951,            0.004951
                 155,            0.014623,           0.0052602,                   0,             0.95227,             0.99769,             0.99262,             0.77565,            0.017729,           0.0033259,                   0,            0.004918,            0.004918,            0.004918
                 156,            0.020177,           0.0056114,                   0,             0.98489,                0.95,             0.99045,             0.79922,            0.018751,           0.0034418,                   0,            0.004885,            0.004885,            0.004885
                 157,            0.020451,           0.0052643,                   0,               0.952,                   1,             0.99262,             0.83971,            0.016504,            0.003336,                   0,            0.004852,            0.004852,            0.004852
                 158,            0.017607,           0.0058553,                   0,             0.95186,                   1,             0.99262,             0.78227,            0.018053,           0.0033951,                   0,            0.004819,            0.004819,            0.004819
                 159,            0.016449,           0.0047739,                   0,              0.9523,             0.99833,             0.99262,             0.71624,            0.021023,           0.0033703,                   0,            0.004786,            0.004786,            0.004786
                 160,            0.022291,           0.0052088,                   0,             0.95238,                   1,             0.99262,             0.78177,            0.019184,           0.0034289,                   0,            0.004753,            0.004753,            0.004753
                 161,             0.02018,           0.0050961,                   0,             0.95237,             0.99971,             0.99262,             0.84674,            0.017254,           0.0034523,                   0,             0.00472,             0.00472,             0.00472
                 162,            0.017788,           0.0050396,                   0,             0.95234,              0.9992,             0.99262,             0.79813,            0.018364,           0.0035095,                   0,            0.004687,            0.004687,            0.004687
                 163,            0.015456,           0.0056565,                   0,             0.95193,                   1,             0.99262,             0.76325,             0.02171,           0.0035973,                   0,            0.004654,            0.004654,            0.004654
                 164,            0.022871,           0.0053301,                   0,              0.9512,                   1,             0.99262,             0.83403,            0.016841,           0.0035014,                   0,            0.004621,            0.004621,            0.004621
                 165,            0.017593,           0.0057666,                   0,             0.95073,                   1,             0.99262,             0.81648,             0.01741,           0.0035944,                   0,            0.004588,            0.004588,            0.004588
                 166,            0.018459,           0.0054031,                   0,             0.95063,                   1,             0.99262,             0.81332,            0.017805,           0.0035872,                   0,            0.004555,            0.004555,            0.004555
                 167,            0.016968,           0.0053357,                   0,             0.94986,                   1,             0.99262,             0.78641,            0.018019,           0.0034738,                   0,            0.004522,            0.004522,            0.004522
                 168,            0.020145,           0.0056941,                   0,              0.9501,                   1,             0.99262,             0.83583,            0.016483,           0.0033288,                   0,            0.004489,            0.004489,            0.004489
                 169,            0.014961,           0.0045759,                   0,             0.94993,                   1,             0.99262,             0.82282,            0.016958,           0.0033469,                   0,            0.004456,            0.004456,            0.004456
                 170,            0.015522,           0.0054726,                   0,             0.95021,                   1,             0.99262,             0.84839,            0.015927,           0.0033264,                   0,            0.004423,            0.004423,            0.004423
                 171,            0.014777,           0.0048675,                   0,             0.94994,                   1,             0.99262,             0.81578,            0.016767,           0.0032635,                   0,             0.00439,             0.00439,             0.00439
                 172,            0.018469,           0.0058093,                   0,             0.94947,                   1,             0.99262,             0.83626,            0.015819,           0.0032854,                   0,            0.004357,            0.004357,            0.004357
                 173,            0.017199,           0.0050483,                   0,             0.94928,                   1,             0.99262,             0.80838,            0.018115,           0.0033827,                   0,            0.004324,            0.004324,            0.004324
                 174,            0.016383,           0.0050544,                   0,             0.94896,                   1,             0.99262,             0.84518,            0.015432,           0.0033021,                   0,            0.004291,            0.004291,            0.004291
                 175,            0.015233,           0.0057485,                   0,             0.94863,                   1,             0.99262,             0.82389,            0.019668,           0.0034504,                   0,            0.004258,            0.004258,            0.004258
                 176,             0.02099,           0.0053414,                   0,                   1,             0.98022,               0.995,               0.821,            0.015821,           0.0032587,                   0,            0.004225,            0.004225,            0.004225
                 177,            0.016564,           0.0056978,                   0,                   1,             0.98355,               0.995,             0.83922,            0.017161,           0.0033083,                   0,            0.004192,            0.004192,            0.004192
                 178,            0.014979,           0.0046326,                   0,                   1,               0.998,               0.995,             0.85005,             0.01619,           0.0033412,                   0,            0.004159,            0.004159,            0.004159
                 179,            0.013268,           0.0051886,                   0,                   1,             0.99439,               0.995,             0.73944,            0.020288,           0.0032773,                   0,            0.004126,            0.004126,            0.004126
                 180,            0.022429,           0.0054738,                   0,                   1,             0.99109,               0.995,             0.85209,            0.015109,           0.0031109,                   0,            0.004093,            0.004093,            0.004093
                 181,            0.015079,           0.0046486,                   0,                   1,             0.98616,               0.995,             0.82449,            0.016241,           0.0031848,                   0,             0.00406,             0.00406,             0.00406
                 182,            0.015319,           0.0046839,                   0,                   1,             0.98186,               0.995,             0.86834,            0.015094,           0.0031629,                   0,            0.004027,            0.004027,            0.004027
                 183,            0.013171,           0.0054205,                   0,              0.9491,                   1,             0.99262,             0.81991,            0.018254,           0.0032277,                   0,            0.003994,            0.003994,            0.003994
                 184,            0.016857,           0.0051903,                   0,             0.94913,                   1,             0.99262,             0.82615,            0.015826,           0.0031133,                   0,            0.003961,            0.003961,            0.003961
                 185,             0.01735,           0.0045039,                   0,             0.94925,                   1,             0.99262,             0.82873,            0.016758,           0.0031376,                   0,            0.003928,            0.003928,            0.003928
                 186,            0.015003,           0.0042521,                   0,             0.94932,                   1,             0.99262,             0.83519,            0.015404,           0.0030799,                   0,            0.003895,            0.003895,            0.003895
                 187,            0.013269,           0.0050771,                   0,             0.94943,                   1,             0.99262,             0.80282,            0.019581,           0.0032077,                   0,            0.003862,            0.003862,            0.003862
                 188,            0.017825,            0.004859,                   0,             0.94943,                   1,             0.99262,              0.8465,            0.014505,            0.003006,                   0,            0.003829,            0.003829,            0.003829
                 189,            0.015362,           0.0053027,                   0,             0.94954,                   1,             0.99262,             0.81183,            0.016633,           0.0031848,                   0,            0.003796,            0.003796,            0.003796
                 190,            0.015471,           0.0049151,                   0,             0.94978,                   1,             0.99262,             0.83194,            0.015617,           0.0031118,                   0,            0.003763,            0.003763,            0.003763
                 191,            0.013126,           0.0052491,                   0,             0.95024,                   1,             0.99262,              0.8304,               0.016,           0.0031724,                   0,             0.00373,             0.00373,             0.00373
                 192,            0.015464,           0.0051545,                   0,             0.95011,                   1,             0.99262,              0.8164,            0.016486,           0.0031686,                   0,            0.003697,            0.003697,            0.003697
                 193,            0.016962,           0.0045138,                   0,             0.95072,                   1,             0.99262,             0.81141,            0.016295,           0.0031862,                   0,            0.003664,            0.003664,            0.003664
                 194,             0.01586,           0.0052235,                   0,             0.95112,                   1,             0.99262,             0.83479,            0.014793,           0.0031805,                   0,            0.003631,            0.003631,            0.003631
                 195,            0.014244,            0.004963,                   0,             0.95236,                   1,             0.99262,              0.7927,             0.01974,           0.0034752,                   0,            0.003598,            0.003598,            0.003598
                 196,            0.017663,           0.0046985,                   0,             0.95235,             0.99944,             0.99262,             0.83602,            0.015165,           0.0033035,                   0,            0.003565,            0.003565,            0.003565
                 197,            0.015742,           0.0049128,                   0,             0.95238,             0.99988,             0.99262,             0.78828,            0.017662,           0.0032868,                   0,            0.003532,            0.003532,            0.003532
                 198,            0.014228,           0.0043517,                   0,             0.95236,             0.99954,             0.99262,             0.84792,             0.01518,           0.0032196,                   0,            0.003499,            0.003499,            0.003499
                 199,            0.013111,           0.0045666,                   0,             0.95235,             0.99926,             0.99262,             0.76755,             0.02022,           0.0035124,                   0,            0.003466,            0.003466,            0.003466
                 200,            0.018421,           0.0049381,                   0,             0.95235,             0.99942,             0.99024,             0.84302,            0.014827,           0.0033092,                   0,            0.003433,            0.003433,            0.003433
                 201,            0.014839,           0.0046255,                   0,             0.95213,                   1,             0.99262,             0.78179,            0.019622,           0.0033684,                   0,              0.0034,              0.0034,              0.0034
                 202,            0.015388,           0.0046046,                   0,             0.95198,                   1,             0.99262,             0.82803,            0.015638,           0.0032144,                   0,            0.003367,            0.003367,            0.003367
                 203,            0.013065,           0.0047491,                   0,             0.95155,                   1,             0.99262,             0.78715,            0.021117,           0.0035825,                   0,            0.003334,            0.003334,            0.003334
                 204,            0.019126,           0.0050529,                   0,             0.95126,                   1,             0.99262,             0.82478,            0.016171,           0.0033669,                   0,            0.003301,            0.003301,            0.003301
                 205,            0.016066,           0.0047709,                   0,             0.95068,                   1,             0.99262,             0.82812,            0.015725,           0.0032029,                   0,            0.003268,            0.003268,            0.003268
                 206,            0.013196,           0.0040024,                   0,             0.95083,                   1,             0.99262,             0.85635,             0.01473,           0.0031495,                   0,            0.003235,            0.003235,            0.003235
                 207,            0.013091,           0.0043633,                   0,             0.95049,                   1,             0.99262,             0.78539,            0.017304,           0.0034575,                   0,            0.003202,            0.003202,            0.003202
                 208,            0.016867,           0.0051638,                   0,             0.95049,                   1,             0.99262,             0.83915,            0.015231,           0.0032153,                   0,            0.003169,            0.003169,            0.003169
                 209,             0.01326,           0.0050627,                   0,             0.95031,                   1,             0.99262,             0.80886,            0.017252,           0.0031867,                   0,            0.003136,            0.003136,            0.003136
                 210,            0.014527,           0.0047103,                   0,             0.95019,                   1,             0.99262,             0.83691,            0.014624,           0.0030732,                   0,            0.003103,            0.003103,            0.003103
                 211,            0.012225,           0.0043217,                   0,             0.95013,                   1,             0.99262,             0.80836,            0.020564,           0.0034099,                   0,             0.00307,             0.00307,             0.00307
                 212,            0.018531,           0.0052539,                   0,             0.95016,                   1,             0.99262,             0.84515,            0.016364,           0.0032458,                   0,            0.003037,            0.003037,            0.003037
                 213,            0.014861,           0.0052084,                   0,             0.95015,                   1,             0.99262,             0.81538,            0.017187,           0.0032282,                   0,            0.003004,            0.003004,            0.003004
                 214,            0.012676,           0.0047451,                   0,             0.95027,                   1,             0.99262,             0.83097,            0.015006,           0.0031428,                   0,            0.002971,            0.002971,            0.002971
                 215,            0.011832,           0.0044559,                   0,             0.95022,                   1,             0.99262,             0.81407,             0.01565,           0.0031481,                   0,            0.002938,            0.002938,            0.002938
                 216,            0.013874,           0.0047169,                   0,             0.95027,                   1,             0.99262,             0.81841,            0.017871,           0.0032439,                   0,            0.002905,            0.002905,            0.002905
                 217,            0.014473,           0.0042839,                   0,             0.95034,                   1,             0.99262,             0.82091,            0.015412,           0.0031624,                   0,            0.002872,            0.002872,            0.002872
                 218,            0.012301,           0.0043821,                   0,             0.95035,                   1,             0.99262,             0.81581,            0.016093,            0.003201,                   0,            0.002839,            0.002839,            0.002839
                 219,            0.011971,           0.0045151,                   0,             0.95029,                   1,             0.99262,             0.82765,            0.015988,           0.0032644,                   0,            0.002806,            0.002806,            0.002806
                 220,            0.015829,           0.0049045,                   0,             0.95022,                   1,             0.99262,             0.81462,            0.016183,           0.0032272,                   0,            0.002773,            0.002773,            0.002773
                 221,            0.011862,            0.004279,                   0,             0.95035,                   1,             0.99262,             0.81265,             0.01592,           0.0032144,                   0,             0.00274,             0.00274,             0.00274
                 222,            0.011804,           0.0049614,                   0,             0.95041,                   1,             0.99262,             0.83028,            0.015681,           0.0031962,                   0,            0.002707,            0.002707,            0.002707
                 223,            0.012373,           0.0044527,                   0,             0.95042,                   1,             0.99262,             0.82093,            0.017044,            0.003336,                   0,            0.002674,            0.002674,            0.002674
                 224,            0.015071,           0.0042547,                   0,              0.9504,                   1,             0.99262,             0.80197,            0.017371,           0.0032973,                   0,            0.002641,            0.002641,            0.002641
                 225,            0.012916,           0.0038571,                   0,             0.95052,                   1,             0.99262,             0.82584,             0.01531,           0.0032225,                   0,            0.002608,            0.002608,            0.002608
                 226,            0.012291,           0.0045971,                   0,             0.95042,                   1,             0.99262,             0.82134,            0.016479,           0.0032778,                   0,            0.002575,            0.002575,            0.002575
                 227,            0.011817,           0.0040958,                   0,             0.95047,                   1,             0.99262,             0.83301,            0.015004,           0.0032253,                   0,            0.002542,            0.002542,            0.002542
                 228,            0.014654,           0.0044144,                   0,             0.95059,                   1,             0.99262,             0.80673,            0.017497,           0.0033436,                   0,            0.002509,            0.002509,            0.002509
                 229,            0.012768,           0.0047543,                   0,             0.95038,                   1,             0.99262,             0.83167,             0.01477,           0.0032406,                   0,            0.002476,            0.002476,            0.002476
                 230,            0.012764,           0.0048989,                   0,             0.95046,                   1,             0.99262,             0.81628,            0.016369,           0.0033112,                   0,            0.002443,            0.002443,            0.002443
                 231,            0.012037,           0.0045265,                   0,              0.9504,                   1,             0.99262,             0.83147,            0.014665,           0.0032411,                   0,             0.00241,             0.00241,             0.00241
                 232,            0.014623,           0.0042816,                   0,              0.9505,                   1,             0.99262,             0.82341,            0.015951,            0.003315,                   0,            0.002377,            0.002377,            0.002377
                 233,            0.011465,           0.0045393,                   0,             0.95047,                   1,             0.99262,             0.83468,            0.014446,           0.0032473,                   0,            0.002344,            0.002344,            0.002344
                 234,            0.012255,           0.0041848,                   0,             0.95053,                   1,             0.99262,             0.82013,            0.017637,            0.003355,                   0,            0.002311,            0.002311,            0.002311
                 235,            0.012637,            0.004556,                   0,             0.95065,                   1,             0.99262,             0.83793,             0.01399,           0.0031939,                   0,            0.002278,            0.002278,            0.002278
                 236,            0.013402,           0.0048456,                   0,             0.95069,                   1,             0.99262,             0.85596,             0.01423,           0.0032129,                   0,            0.002245,            0.002245,            0.002245
                 237,            0.012502,           0.0044211,                   0,             0.95066,                   1,             0.99262,             0.82337,            0.016326,           0.0032506,                   0,            0.002212,            0.002212,            0.002212
                 238,              0.0104,           0.0037679,                   0,             0.95078,                   1,             0.99262,             0.82816,            0.014924,           0.0032163,                   0,            0.002179,            0.002179,            0.002179
                 239,            0.011642,           0.0045928,                   0,             0.95062,                   1,             0.99262,             0.83457,            0.015494,           0.0031476,                   0,            0.002146,            0.002146,            0.002146
                 240,            0.012423,           0.0044779,                   0,             0.95051,                   1,             0.99262,             0.84919,            0.014441,           0.0031643,                   0,            0.002113,            0.002113,            0.002113
                 241,            0.012062,           0.0046758,                   0,             0.95033,                   1,             0.99262,             0.81854,            0.015571,           0.0031996,                   0,             0.00208,             0.00208,             0.00208
                 242,            0.010635,           0.0042546,                   0,             0.95021,                   1,             0.99262,             0.83675,            0.014457,           0.0031304,                   0,            0.002047,            0.002047,            0.002047
                 243,            0.011063,           0.0040823,                   0,             0.94993,                   1,             0.99262,             0.79799,            0.017313,           0.0032001,                   0,            0.002014,            0.002014,            0.002014
                 244,            0.013522,           0.0045196,                   0,             0.94974,                   1,             0.99262,             0.82496,            0.015549,           0.0031619,                   0,            0.001981,            0.001981,            0.001981
                 245,            0.011337,           0.0037136,                   0,             0.94961,                   1,             0.99262,               0.828,            0.014545,           0.0031662,                   0,            0.001948,            0.001948,            0.001948
                 246,            0.010683,           0.0047446,                   0,             0.94949,                   1,             0.99262,             0.84348,            0.014314,           0.0031548,                   0,            0.001915,            0.001915,            0.001915
                 247,            0.011887,           0.0045788,                   0,             0.94945,                   1,             0.99262,               0.814,             0.01539,           0.0031981,                   0,            0.001882,            0.001882,            0.001882
                 248,            0.012146,           0.0044162,                   0,              0.9495,                   1,             0.99262,             0.83686,            0.014209,           0.0031581,                   0,            0.001849,            0.001849,            0.001849
                 249,            0.010932,           0.0043363,                   0,             0.94952,                   1,             0.99262,             0.83401,            0.014666,           0.0031948,                   0,            0.001816,            0.001816,            0.001816
                 250,            0.010624,           0.0042129,                   0,             0.94953,                   1,             0.99262,             0.84136,            0.014377,           0.0031443,                   0,            0.001783,            0.001783,            0.001783
                 251,           0.0099887,           0.0038354,                   0,             0.94952,                   1,             0.99262,             0.81567,            0.014627,           0.0031009,                   0,             0.00175,             0.00175,             0.00175
                 252,             0.01094,           0.0043356,                   0,             0.94959,                   1,             0.99262,             0.82634,            0.014665,           0.0031443,                   0,            0.001717,            0.001717,            0.001717
                 253,            0.012091,           0.0042562,                   0,             0.94958,                   1,             0.99262,             0.81854,            0.015153,            0.003159,                   0,            0.001684,            0.001684,            0.001684
                 254,            0.011172,           0.0042536,                   0,              0.9495,                   1,             0.99262,              0.8294,            0.015143,           0.0031605,                   0,            0.001651,            0.001651,            0.001651
                 255,            0.010804,           0.0040524,                   0,             0.94955,                   1,             0.99262,             0.81125,            0.015504,           0.0032239,                   0,            0.001618,            0.001618,            0.001618
                 256,            0.011864,           0.0041287,                   0,             0.94947,                   1,             0.99262,             0.82373,             0.01435,             0.00315,                   0,            0.001585,            0.001585,            0.001585
                 257,            0.010807,           0.0044467,                   0,             0.94949,                   1,             0.99262,             0.80954,            0.014775,           0.0031652,                   0,            0.001552,            0.001552,            0.001552
                 258,            0.011099,           0.0041824,                   0,             0.94957,                   1,             0.99262,             0.81719,            0.015217,             0.00317,                   0,            0.001519,            0.001519,            0.001519
                 259,            0.010923,           0.0041017,                   0,             0.94959,                   1,             0.99262,             0.84037,            0.014487,           0.0031695,                   0,            0.001486,            0.001486,            0.001486
                 260,            0.013436,           0.0041918,                   0,             0.94967,                   1,             0.99262,             0.84202,            0.014425,           0.0031753,                   0,            0.001453,            0.001453,            0.001453
                 261,            0.010769,           0.0042295,                   0,             0.94967,                   1,             0.99262,             0.82343,            0.014844,            0.003191,                   0,             0.00142,             0.00142,             0.00142
                 262,            0.010861,           0.0048114,                   0,             0.94973,                   1,             0.99262,             0.81579,            0.014691,             0.00318,                   0,            0.001387,            0.001387,            0.001387
                 263,            0.010027,           0.0037181,                   0,             0.94977,                   1,             0.99262,             0.82744,             0.01535,           0.0032344,                   0,            0.001354,            0.001354,            0.001354
                 264,            0.011314,           0.0036295,                   0,             0.94981,                   1,             0.99262,             0.82261,             0.01495,           0.0032134,                   0,            0.001321,            0.001321,            0.001321
                 265,           0.0095238,               0.004,                   0,             0.94978,                   1,             0.99262,             0.82217,            0.014746,           0.0031762,                   0,            0.001288,            0.001288,            0.001288
                 266,           0.0099913,              0.0042,                   0,             0.94987,                   1,             0.99262,             0.81817,            0.014689,           0.0031652,                   0,            0.001255,            0.001255,            0.001255
                 267,            0.010647,            0.004686,                   0,             0.94998,                   1,             0.99262,             0.82402,            0.015142,           0.0032353,                   0,            0.001222,            0.001222,            0.001222
                 268,            0.010489,           0.0037867,                   0,             0.94991,                   1,             0.99262,             0.82127,            0.015102,            0.003221,                   0,            0.001189,            0.001189,            0.001189
                 269,            0.010407,           0.0041645,                   0,             0.94997,                   1,             0.99262,             0.80804,            0.015502,            0.003243,                   0,            0.001156,            0.001156,            0.001156
                 270,            0.010183,           0.0040783,                   0,             0.95003,                   1,             0.99262,             0.81653,            0.015522,           0.0032282,                   0,            0.001123,            0.001123,            0.001123
                 271,            0.009808,           0.0044225,                   0,             0.95008,                   1,             0.99262,             0.82321,            0.015507,            0.003242,                   0,             0.00109,             0.00109,             0.00109
                 272,             0.01084,           0.0043074,                   0,             0.95008,                   1,             0.99262,             0.82178,            0.015047,           0.0031896,                   0,            0.001057,            0.001057,            0.001057
                 273,            0.010042,            0.004276,                   0,             0.95002,                   1,             0.99262,              0.8239,            0.015162,            0.003201,                   0,            0.001024,            0.001024,            0.001024
                 274,           0.0098455,           0.0040816,                   0,             0.95001,                   1,             0.99262,             0.81945,            0.015003,           0.0032067,                   0,            0.000991,            0.000991,            0.000991
                 275,           0.0096602,           0.0040746,                   0,             0.95002,                   1,             0.99262,             0.82054,            0.015705,            0.003253,                   0,            0.000958,            0.000958,            0.000958
                 276,            0.010772,           0.0045424,                   0,             0.95014,                   1,             0.99262,             0.82606,            0.014828,           0.0032206,                   0,            0.000925,            0.000925,            0.000925
                 277,           0.0097461,           0.0039353,                   0,             0.95008,                   1,             0.99262,             0.82464,            0.014952,            0.003242,                   0,            0.000892,            0.000892,            0.000892
                 278,           0.0099787,           0.0037899,                   0,             0.95019,                   1,             0.99262,             0.80861,            0.015274,           0.0032744,                   0,            0.000859,            0.000859,            0.000859
                 279,           0.0097303,           0.0040741,                   0,              0.9502,                   1,             0.99262,             0.81307,            0.015616,           0.0032811,                   0,            0.000826,            0.000826,            0.000826
                 280,            0.010596,           0.0042237,                   0,             0.95022,                   1,             0.99262,             0.82247,            0.015238,           0.0032201,                   0,            0.000793,            0.000793,            0.000793
                 281,           0.0099683,           0.0044062,                   0,             0.95029,                   1,             0.99262,             0.82458,            0.014919,           0.0032048,                   0,             0.00076,             0.00076,             0.00076
                 282,           0.0097396,           0.0050499,                   0,             0.95023,                   1,             0.99262,             0.82784,            0.014622,           0.0031743,                   0,            0.000727,            0.000727,            0.000727
